nameActual,nameNBA,nameBREF
agePlayer,AGE,Age
agePlayer,PLAYER_AGE,Age
ar,ar,NA
articleHeadline,Headline,NA
ast,AST,AST
ast,ast,AST
astOpponent,OPP_AST,NA
astOpponentRank,OPP_AST_RANK,NA
astPerGame,APG,NA
astPerGameTeam,AST_PG,NA
astRank,RANK_AST,NA
astRank,AST_RANK,NA
astRankF,F_RANK_AST,NA
astRankPer36,RANK_PMIN_AST,NA
astRankPerGame,RANK_PG_AST,NA
astSecondary,SAST,NA
blk,BLK,BLK
blk,blk,BLK
blka,BLKA,NA
blka,blka,NA
blkaOpponent,OPP_BLKA,NA
blkaOpponentRank,OPP_BLKA_RANK,NA
blkaRank,BLKA_RANK,NA
blkHelp,HELP_BLK,NA
blkHelpRecorded,HELP_BLK_REC,NA
blkOpponent,OPP_BLK,NA
blkOpponentRank,OPP_BLK_RANK,NA
blkPerGame,BPG,NA
blkRank,RANK_BLK,NA
blkRank,BLK_RANK,NA
blkRankF,F_RANK_BLK,NA
blkRankPer36,RANK_PMIN_BLK,NA
blkRankPerGame,RANK_PG_BLK,NA
boxOutPlayerRebound,BOX_OUT_PLAYER,NA
boxOuts,BOX_OUTS,NA
boxOutsDefense,DEF_BOXOUTS,NA
boxOutsOffense,OFF_BOXOUTS,NA
boxOutsPlayerTeamRebound,BOX_OUT_PLAYER_TEAM_REBS,NA
boxOutsPlayerTREB,BOX_OUT_PLAYER_REBS,NA
capacityArena,ARENACAPACITY,NA
captionItem,ListItemCaption,NA
categoryAheadBehind,AheadBehind,NA
categoryClutchTime,ClutchTime,NA
categoryDefense,DefenseCategory,NA
categoryStat,StatCategory,NA
chargesDrawn,CHARGES_DRAWN,NA
cityArena,ac,NA
cityTeam,TEAM_CITY,NA
cityTeam,TEAM_CITY_NAME,NA
cityTeam,TeamCity,NA
cityTeam,CITY,NA
cityTeam,city,NA
cityTeam,tc,NA
cityTeamAlt,altCityName,NA
cityTeamAway,VISITOR_TEAM_NAME,NA
cityTeamAwayLast,LAST_GAME_VISITOR_TEAM_CITY,NA
cityTeamDefense,DEF_TEAM_CITY,NA
cityTeamHome,HOME_TEAM_NAME,NA
cityTeamHomeLast,LAST_GAME_HOME_TEAM_CITY,NA
cityTeamOffense,OFF_TEAM_CITY,NA
cityTeamPlayer1,PLAYER1_TEAM_CITY,NA
cityTeamPlayer2,PLAYER2_TEAM_CITY,NA
cityTeamPlayer3,PLAYER3_TEAM_CITY,NA
codePlayoffCling,clinchedPlayoffsCodeV2,NA
codePlayoffRemove,clinchedPlayoffsCode,NA
codeTeam,TEAM_CODE,NA
codeTeam,TeamCode,NA
countAllStarGames,ALL_STAR_APPEARANCES,NA
countAttendance,ATTENDANCE,NA
countAttendance,at,NA
countConferenceTitles,CONF_COUNT,NA
countDivisionTitles,DIV_COUNT,NA
countGames,GAMES_PLAYED,G
countGamesStarted,NA,GS
countLastNGames,LastNGames,NA
countLeadChanges,LEAD_CHANGES,NA
countLossesPlayoffs,PO_LOSSES,NA
countLossesSeriesSeasonHome,HOME_TEAM_LOSSES,NA
countryPlayer,COUNTRY,NA
countSeasonsPlayed,SEASON_EXP,NA
countTies,TIMES_TIED,NA
countWinsPlayoffs,PO_WINS,NA
countWinsSeriesSeasonHome,HOME_TEAM_WINS,NA
countYearsExperience,EXP,NA
countYearsPro,yearsPro,NA
dataDraft,draft,NA
dataTeams,teams,NA
dateBirth,BIRTH_DATE,NA
dateBirth,dateOfBirthUTC,NA
dateGame,GAME_DATE,NA
dateGame,GAME_DATE_EST,NA
dateGame,gdte,NA
dateGameLast,LAST_GAME_DATE_EST,NA
dateGameLastPlayed,MAX_GAME_DATE,NA
dateGameUTC,gdtutc,NA
dateISO,Date,NA
dateStandings,STANDINGSDATE,NA
datetimeBirth,BIRTHDATE,NA
datetimeGameAway,vtm,NA
datetimeGameEastCoast,etm,NA
datetimeGameHome,htm,NA
datetimePublished,ListItemPubDate,NA
datetimeUpdatedLast,lastUpdate,NA
dateTransaction,TRANSACTION_DATE,NA
dd2,DD2,NA
dd2Rank,DD2_RANK,NA
deflections,DEFLECTIONS,NA
descriptionComment,COMMENT,NA
descriptionGameStatus,GAME_STATUS_TEXT,NA
descriptionItem,ListItemDescription,NA
descriptionNBAFinalsAppearance,NBA_FINALS_APPEARANCE,NA
descriptionPlay,DESCRIPTION,NA
descriptionPlayHome,HOMEDESCRIPTION,NA
descriptionPlayNeutral,NEUTRALDESCRIPTION,NA
descriptionPlayVisitor,VISITORDESCRIPTION,NA
descriptionSeriesLeader,SERIES_LEADER,NA
descriptionStat,memo,NA
descriptionTransaction,TRANSACTION_DESCRIPTION,NA
detailInjury,Injury_Detail,NA
diffFGPct,PCT_PLUSMINUS,NA
distanceShot,SHOT_DISTANCE,NA
distMiles,DIST,NA
drb,NA,DRB
dreb,DREB,NA
dreb,dreb,NA
drebChances,DRBC,NA
drebContested,C_DREB,NA
drebOpponent,OPP_DREB,NA
drebOpponentRank,OPP_DREB_RANK,NA
drebPerGame,DRPG,NA
drebRank,RANK_DREB,NA
drebRank,DREB_RANK,NA
drebRankF,F_RANK_DREB,NA
drebRankPer36,RANK_PMIN_DREB,NA
drebRankPerGame,RANK_PG_DREB,NA
drebUncontested,UC_DREB,NA
drtg,DEF_RATING,NA
drtg,DRTG,NA
drtgE,E_DEF_RATING,NA
drtgRank,DEF_RATING_RANK,NA
durationGame,dur,NA
eff,EFF,NA
effRank,RANK_EFF,NA
effRankPer36,RANK_PMIN_EFF,NA
effRankPerGame,RANK_PG_EFF,NA
fbpts,fbpts,NA
fbptsa,fbptsa,NA
fbptsm,fbptsm,NA
fg2a,FG2A,2PA
fg2a,FG2A,X2PA
fg2Contested,CONTESTED_SHOTS_2PT,NA
fg2m,FG2M,2P
fg2m,FG2M,X2P
fg3a,FG3A,3PA
fg3a,tpa,3PA
fg3a,FG3A,X3PA
fg3a,tpa,X3PA
fg3aOpponent,OPP_FG3A,NA
fg3aOpponentRank,OPP_FG3A_RANK,NA
fg3aRank,RANK_FG3A,NA
fg3aRank,FG3A_RANK,NA
fg3aRankF,F_RANK_FG3A,NA
fg3aRankPer36,RANK_PMIN_FG3A,NA
fg3aRankPerGame,RANK_PG_FG3A,NA
fg3Contested,CONTESTED_SHOTS_3PT,NA
fg3m,FG3M,3P
fg3m,tpm,3P
fg3m,FG3M,X3P
fg3m,tpm,X3P
fg3mOpponent,OPP_FG3M,NA
fg3mOpponentRank,OPP_FG3M_RANK,NA
fg3mRank,RANK_FG3M,NA
fg3mRank,FG3M_RANK,NA
fg3mRankF,F_RANK_FG3M,NA
fg3mRankPer36,RANK_PMIN_FG3M,NA
fg3mRankPerGame,RANK_PG_FG3M,NA
fga,FGA,FGA
fga,fga,FGA
fgaContested,CFGA,NA
fgaDefending,D_FGA,NA
fgaOpponent,OPP_FGA,NA
fgaOpponentRank,OPP_FGA_RANK,NA
fgaPerGame,FGA_PG,NA
fgaPerGame,FGAG,NA
fgaPerGameRank,FGA_PG_RANK,NA
fgaRank,RANK_FGA,NA
fgaRank,FGA_RANK,NA
fgaRankF,F_RANK_FGA,NA
fgaRankPerGame,RANK_PG_FGA,NA
fgaRimDefended,DFGA,NA
fgaUncontested,UFGA,NA
fgContested,CONTESTED_SHOTS,NA
fgm,FGM,FG
fgm,fgm,FG
fgm3Contested,CFG3A,NA
fgm3mContested,CFG3M,NA
fgmContested,CFGM,NA
fgmDefending,D_FGM,NA
fgMissPerGame,FGmG,NA
fgmOpponent,OPP_FGM,NA
fgmOpponentRank,OPP_FGM_RANK,NA
fgmPerGame,FGM_PG,NA
fgmPerGame,FGMG,NA
fgmPerGameRank,FGM_PG_RANK,NA
fgmRank,RANK_FGM,NA
fgmRank,FGM_RANK,NA
fgmRankF,F_RANK_FGM,NA
fgmRankPer36,RANK_PMIN_FGM,NA
fgmRankPerGame,RANK_PG_FGM,NA
fgmRimDefended,DFGM,NA
fgmTotal,FGm,NA
fgmUncontested,UFGM,NA
filterContext,ContextFilter,NA
flagNBA,NBA_FLAG,NA
fptsFDActual,FAN_DUEL_PTS,NA
fptsNBAActual,NBA_FANTASY_PTS,NA
fptsRank,NBA_FANTASY_PTS_RANK,NA
fptsRankF,F_RANK_PTS,NA
frequencyFG2A,FG2A_FREQUENCY,NA
frequencyFG3A,FG3A_FREQUENCY,NA
frequencyFGA,FGA_FREQUENCY,NA
fta,FTA,FTA
fta,fta,FTA
ftaOpponent,OPP_FTA,NA
ftaOpponentRank,OPP_FTA_RANK,NA
ftaRank,RANK_FTA,NA
ftaRankF,F_RANK_FTA,NA
ftaRankPer36,RANK_PMIN_FTA,NA
ftaRankPerGame,RANK_PG_FTA,NA
ftAST,FTAST,NA
ftm,FTM,FT
ftm,ftm,FT
ftmOpponent,OPP_FTM,NA
ftmOpponentRank,OPP_FTM_RANK,NA
ftmRank,RANK_FTM,NA
ftmRankF,F_RANK_FTM,NA
ftmRankPer36,RANK_PMIN_FTM,NA
ftmRankPerGame,RANK_PG_FTM,NA
gamesBack,GB,NA
gamesBackConference,ConferenceGamesBack,NA
gamesBackDivision,DivisionGamesBack,NA
gamesBehindDivision,divGamesBehind,NA
gamesBehindPlayoffs,gamesBehind,NA
gamesRemaining,REMAINING_G,NA
gamesRemainingAtHomeSeedHome,HIGH_SEED_SERIES_REMAINING_HOME_G,NA
gamesRemainingAway,REMAINING_AWAY_G,NA
gamesRemainingAwaySeedHome,HIGH_SEED_SERIES_REMAINING_AWAY_G,NA
gamesRemainingHome,REMAINING_HOME_G,NA
gamesRemainingOver500,GR_OVER_500,NA
gamesRemainingOver500Away,GR_OVER_500_AWAY,NA
gamesRemainingOver500Home,GR_OVER_500_HOME,NA
gamesRemainingSeedHome,HIGH_SEED_SERIES_REMAINING_G,NA
gamesRemainingUnder500,GR_UNDER_500,NA
gamesRemainingUnder500Away,GR_UNDER_500_AWAY,NA
gamesRemainingUnder500Home,GR_UNDER_500_HOME,NA
gp,GP,NA
gp,G,NA
gpRank,GP_RANK,NA
gpRankF,F_RANK_GP,NA
groupOrderValue,GROUP_VALUE_ORDER,NA
groupPosition,PLAYER_POSITION,NA
groupPosition,POSITION,NA
groupPosition,Position,NA
groupPosition,P,NA
groupStartPosition,START_POSITION,NA
gs,GS,NA
hasClinchedConference,CLINCHED_CONFERENCE,NA
hasClinchedConferenceTitle,ClinchedConferenceTitle,NA
hasClinchedDivision,CLINCHED_DIVISION,NA
hasClinchedDivisionTitle,ClinchedDivisionTitle,NA
hasClinchedPlayoffBirth,ClinchedPlayoffBirth,NA
hasClinchedPlayoffs,CLINCHED_PLAYOFFS,NA
hasDLeagueFlag,DLEAGUE_FLAG,NA
hasGamesPlayedFlag,GAMES_PLAYED_FLAG,NA
hasHistoricalStatus,HISTORICAL_STATUS,NA
hasHustleStats,HUSTLE_STATUS,NA
hasPT,PT_AVAILABLE,NA
hasPTXYZ,PT_XYZ_AVAILABLE,NA
hasStatusWH,WH_STATUS,NA
hasVideo,VIDEO_AVAILABLE,NA
hasVideo,VIDEO_AVAILABLE_FLAG,NA
heightFeet,heightFeet,NA
heightInches,HEIGHT,NA
heightInches,heightInches,NA
heightMeters,heightMeters,NA
heightWOShoes,HEIGHT_WO_SHOES_FT_IN,NA
heightWOShoesInches,HEIGHT_WO_SHOES,NA
heightWShoes,HEIGHT_W_SHOES_FT_IN,NA
heightWShoesInches,HEIGHT_W_SHOES,NA
idCIF,CFID,NA
idEvent,GAME_EVENT_ID,NA
idGame,GAME_ID,NA
idGame,GameID,NA
idGame,gid,NA
idGameLast,LAST_GAME_ID,NA
idGameStatus,GAME_STATUS_ID,NA
idGroup,GROUP_ID,NA
idLeague,LEAGUE_ID,NA
idLeague,LeagueID,NA
idLeague,LeagueID,NA
idMobile,mid,NA
idMonth,Month,NA
idOffical,OFFICIAL_ID,NA
idOrganization,ORGANIZATION_ID,NA
idPeriod,Period,NA
idPersonType1,PERSON1TYPE,NA
idPersonType2,PERSON2TYPE,NA
idPersonType3,PERSON3TYPE,NA
idPlayer,PERSON_ID,NA
idPlayer,PLAYER_ID,NA
idPlayer,PlayerID,NA
idPlayer,PlayerIDSID,NA
idPlayer,PLAYERID,NA
idPlayer,CLOSE_DEF_PERSON_ID,NA
idPlayer,personId,NA
idPlayer,idPlayer,NA
idPlayer,pid,NA
idPlayerASTLeader,AST_PLAYER_ID,NA
idPlayerDefense,DEF_PLAYER_ID,NA
idPlayerNBA1,PLAYER1_ID,NA
idPlayerNBA2,PLAYER2_ID,NA
idPlayerNBA3,PLAYER3_ID,NA
idPlayerOffense,OFF_PLAYER_ID,NA
idPlayerOnOff,VS_PLAYER_ID,NA
idPlayerPasser,PASS_TEAMMATE_PLAYER_ID,NA
idPlayerPTSLeader,PTS_PLAYER_ID,NA
idPlayerTeam,PLAYER_LAST_TEAM_ID,NA
idPlayerTREBLeader,REB_PLAYER_ID,NA
idPlayoffRound,PORound,NA
idRotoWorld,RotoId,NA
idSeason,SeasonID,NA
idTeam,TEAM_ID,NA
idTeam,TeamID,NA
idTeam,Team_ID,NA
idTeam,TeamID,NA
idTeam,TeamIDSID,NA
idTeam,teamId,NA
idTeam,teamId,NA
idTeam,tid,NA
idTeamAway,VISITOR_TEAM_ID,NA
idTeamAwayLast,LAST_GAME_VISITOR_TEAM_ID,NA
idTeamDefense,DEF_TEAM_ID,NA
idTeamFrom,Additional_Sort,NA
idTeamHigh,HIGH_SEED_TEAM_ID,NA
idTeamHome,HOME_TEAM_ID,NA
idTeamHomeLast,LAST_GAME_HOME_TEAM_ID,NA
idTeamLow,LOW_SEED_TEAM_ID,NA
idTeamOffense,OFF_TEAM_ID,NA
idTeamOpponent,OpponentTeamID,NA
idTeamOpponent,OppTeamID,NA
idTeamPlayer1,PLAYER1_TEAM_ID,NA
idTeamPlayer2,PLAYER2_TEAM_ID,NA
idTeamPlayer3,PLAYER3_TEAM_ID,NA
idUpdate,UpdateId,NA
isActive,ROSTERSTATUS,NA
isActive,isActive,NA
isActiveWithTeam,ACTIVE_WITH_TEAM,NA
isAllStar,isAllStar,NA
isEliminatedConference,EliminatedConference,NA
isEliminatedDivision,EliminatedDivision,NA
isEliminatedPlayoffs,ELIMINATED_PLAYOFFS,NA
isHomePossession,HOME_POSS_IND,NA
isNBAFranchise,isNBAFranchise,NA
isPaceAdjust,PaceAdjust,NA
isPlayVisible,ISVISIBLE,NA
isPlusMinus,PlusMinus,NA
isRank,Rank,NA
isShotAttempted,SHOT_ATTEMPTED_FLAG,NA
isShotMade,SHOT_MADE_FLAG,NA
isStarter,court,NA
isWinStreak,isWinStreak,NA
leadLargest,LARGEST_LEAD,NA
lengthHandInches,HAND_LENGTH,NA
locationGame,LOCATION,NA
locationGame,TEAM_GAME_LOCATION,NA
locationGame,Location,NA
locationGame,status,NA
locationInjury,Injury_Location,NA
locationX,LOC_X,NA
locationY,LOC_Y,NA
looseBallsRecovered,LOOSE_BALLS_RECOVERED,NA
looseBallsRecoveredDefense,DEF_LOOSE_BALLS_RECOVERED,NA
looseBallsRecoveredOffense,OFF_LOOSE_BALLS_RECOVERED,NA
losses,L,NA
losses,LOSSES,NA
losses,loss,NA
lossesAway,awayLoss,NA
lossesConference,confLoss,NA
lossesDivision,divLoss,NA
lossesHome,homeLoss,NA
lossesLast10,lastTenLoss,NA
lossesPlayoffsSeedHIgh,HIGH_SEED_SERIES_L,NA
lossesRank,L_RANK,NA
marginScore,SCOREMARGIN,NA
measureContext,ContextMeasure,NA
minutes,MIN,MP
minutes,MINUTES,MP
minutes,min,MP
minutesPossesions,POSS_MINUTES,NA
minutesRank,RANK_MIN,NA
minutesRank,MIN_RANK,NA
minutesRankPer36,RANK_PMIN_MIN,NA
minutesRankPerGame,RANK_PG_MIN,NA
minutesRemaining,MINUTES_REMAINING,NA
minutsRankF,F_RANK_MINUTES,NA
modeSearch,PerMode,NA
mphMean,SPD,NA
nameAccount,ACCOUNTTYPE,NA
nameArena,ARENA,NA
nameArena,ARENA_NAME,NA
nameArena,an,NA
nameCityTeam,SHORT_NAME,NA
nameCollege,collegeName,NA
nameConference,Conference,NA
nameConference,CONFERENCE,NA
nameConference,TEAM_CONFERENCE,NA
nameConference,confName,NA
nameCountry,country,NA
nameDivision,TEAM_DIVISION,NA
nameDivision,divName,NA
nameDivison,Division,NA
nameDLeagueAffiliate,DLEAGUEAFFILIATION,NA
nameFirst,FIRST_NAME,NA
nameFirst,FirstName,NA
nameFirst,PlayerFirstName,NA
nameFirst,firstName,NA
nameFirst,fn,NA
nameGeneralManager,GENERALMANAGER,NA
nameGroup,GROUP_SET,NA
nameGroup,GROUP_NAME,NA
nameGroupValue,GROUP_VALUE,NA
nameHeadCoach,HEADCOACH,NA
nameLast,LAST_NAME,NA
nameLast,LastName,NA
nameLast,PlayerLastName,NA
nameLast,lastName,NA
nameLast,ln,NA
nameOrganizationFrom,ORGANIZATION,NA
nameOrganizationFrom,LAST_AFFILIATION,NA
nameOrganizationFrom,lastAffiliation,NA
nameOwner,OWNER,NA
namePlayer,DISPLAY_FIRST_LAST,Player
namePlayer,PLAYER_NAME,Player
namePlayer,PLAYER,Player
namePlayer,PLAYER_NAME,Player
namePlayer1,PLAYER1_NAME,NA
namePlayer2,PLAYER2_NAME,NA
namePlayer3,PLAYER3_NAME,NA
namePlayerAbbr,DISPLAY_FI_LAST,NA
namePlayerASTLeader,AST_PLAYER_NAME,NA
namePlayerDefense,DEF_PLAYER_NAME,NA
namePlayerLastFirst,DISPLAY_LAST_COMMA_FIRST,NA
namePlayerLastFirst,PLAYER_NAME_LAST_FIRST,NA
namePlayerOffense,OFF_PLAYER_NAME,NA
namePlayerOnOff,VS_PLAYER_NAME,NA
namePlayerPasser,PASS_FROM,NA
namePlayerPassTo,PASS_TO,NA
namePlayerPTSLeader,PTS_PLAYER_NAME,NA
namePlayerTREBLeader,REB_PLAYER_NAME,NA
nameSchool,SCHOOL,NA
nameSchool,SCHOOL_NAME,NA
nameSeasonMonth,SEASON_MONTH_NAME,NA
nameTeam,TeamName,Team
nameTeam,fullName,Team
nameTeamAwayLast,LAST_GAME_VISITOR_TEAM_NAME,NA
nameTeamHomeLast,LAST_GAME_HOME_TEAM_NAME,NA
nameTeamOpponent,OPPOSITETEAM,NA
nameTeamShort,TeamShortName,NA
netrtg,NET_RATING,NA
netrtg,NET_RTG,NA
netrtgE,E_NET_RATING,NA
netrtgRank,NET_RATING_RANK,NA
nicknameTeamDefense,DEF_TEAM_NICKNAME,NA
nicknameTeamOffense,OFF_TEAM_NICKNAME,NA
numberEvent,EVENTNUM,NA
numberEvent,EVENT_NUM,NA
numberEventActionType,EVENTMSGACTIONTYPE,NA
numberEventMessageType,EVENTMSGTYPE,NA
numberGameDate,GAME_SEQUENCE,NA
numberHomeG,HOME_G,NA
numberJersey,JERSEY_NUM,NA
numberJersey,NUM,NA
numberJersey,JERSEY,NA
numberJersey,PlayerNumber,NA
numberJersey,PLAYER_JERSEY_NUM,NA
numberJersey,num,NA
numberNextNGames,NumberOfGames,NA
numberOverallPick,DRAFT_NUMBER,NA
numberPeriod,PERIOD,NA
numberPeriodTime,LIVE_PERIOD,NA
numberPickOverall,OVERALL_PICK,NA
numberPlayer,jersey,Rk
numberPriority,Priority,NA
numberRank,RANK,NA
numberRound,ROUND_NUMBER,NA
numberRound,DRAFT_ROUND,NA
numberRoundPick,ROUND_PICK,NA
orb,NA,ORB
orderBoxScore,BOX_ORDER,NA
orderSort,SORT_ORDER,NA
oreb,OREB,NA
oreb,oreb,NA
orebChances,ORBC,NA
orebContested,C_OREB,NA
orebOpponent,OPP_OREB,NA
orebOpponentRank,OPP_OREB_RANK,NA
orebPerGame,ORPG,NA
orebRank,RANK_OREB,NA
orebRank,OREB_RANK,NA
orebRankF,F_RANK_OREB,NA
orebRankPer36,RANK_PMIN_OREB,NA
orebRankPerGame,RANK_PG_OREB,NA
orebUncontested,UC_OREB,NA
ortg,OFF_RATING,NA
ortg,ORTG,NA
ortgE,E_OFF_RATING,NA
ortgRank,OFF_RATING_RANK,NA
outcomeGame,WL,NA
outcomeGame,Outcome,NA
p,p,NA
pace,PACE,NA
paceDefense,DEF_PACE,NA
paceE,E_PACE,NA
paceOffense,OFF_PACE,NA
paceRank,PACE_RANK,NA
passes,PASS,NA
pct3PRate,NA,X3PAr
pctAnd1Drawn,PlusOne,NA
pctAST,AST_PCT,AST.
pctASTOfTeam,PCT_AST,NA
pctASTOfTeam,PCT_AST,NA
pctASTOfTeamRank,PCT_AST_RANK,NA
pctASTRank,AST_PCT_RANK,NA
pctBLK,NA,BLK.
pctBLKAOfTeam,PCT_BLKA,NA
pctBLKAOfTeam,PCT_BLKA,NA
pctBLKAOfTeamRank,PCT_BLKA_RANK,NA
pctBLKOfTeam,PCT_BLK,NA
pctBLKOfTeam,PCT_BLK,NA
pctBLKOfTeamRank,PCT_BLK_RANK,NA
pctBodyFat,BODY_FAT_PCT,NA
pctDoubleDouble,DBL_DBL,NA
pctDRB,NA,DRB.
pctDREB,DREB_PCT,NA
pctDREBOfTeam,PCT_DREB,NA
pctDREBOfTeam,PCT_DREB,NA
pctDREBOfTeamRank,PCT_DREB_RANK,NA
pctDREBRank,DREB_PCT_RANK,NA
pctEFG,EFG_PCT,eFG%
pctEFG,aFG,eFG%
pctEFG,EFG_PCT,eFG.
pctEFG,aFG,eFG.
pctEFGOpponent,OPP_EFG_PCT,NA
pctEFGOpponentRank,OPP_EFG_PCT_RANK,NA
pctEFGRank,EFG_PCT_RANK,NA
pctFG,FG_PCT,FG%
pctFG,FG,FG%
pctFG,FG_PCT,FG.
pctFG,FG,FG.
pctFG2,FG2_PCT,2P%
pctFG2,FG2_PCT,X2P.
pctFG2MasAssisted,PCT_AST_2PM,NA
pctFG2MasAssistedRank,PCT_AST_2PM_RANK,NA
pctFG2MasUnassisted,PCT_UAST_2PM,NA
pctFG2MasUnassistedRank,PCT_UAST_2PM_RANK,NA
pctFG3,FG3_PCT,3P%
pctFG3,TPP,3P%
pctFG3,FG3_PCT,X3P.
pctFG3,TPP,X3P.
pctFG3AOfTeam,PCT_FG3A,NA
pctFG3AOfTeam,PCT_FG3A,NA
pctFG3AOfTeamRank,PCT_FG3A_RANK,NA
pctFG3M,CFG3_PCT,NA
pctFG3MasAssisted,PCT_AST_3PM,NA
pctFG3MasAssistedRank,PCT_AST_3PM_RANK,NA
pctFG3MasUnassisted,PCT_UAST_3PM,NA
pctFG3MasUnassistedRank,PCT_UAST_3PM_RANK,NA
pctFG3MOfTeam,PCT_FG3M,NA
pctFG3MOfTeam,PCT_FG3M,NA
pctFG3MOfTeamRank,PCT_FG3M_RANK,NA
pctFG3Opponent,OPP_FG3_PCT,NA
pctFG3OpponentRank,OPP_FG3_PCT_RANK,NA
pctFG3Rank,RANK_FG3_PCT,NA
pctFG3Rank,FG3_PCT_RANK,NA
pctFG3RankF,F_RANK_FG3_PCT,NA
pctFGAasFG2,PCT_FGA_2PT,NA
pctFGAasFG2Rank,PCT_FGA_2PT_RANK,NA
pctFGAasFG3,PCT_FGA_3PT,NA
pctFGAasFG3Rank,PCT_FGA_3PT_RANK,NA
pctFGAOfTeam,PCT_FGA,NA
pctFGAOfTeam,PCT_FGA,NA
pctFGAOfTeamRank,PCT_FGA_RANK,NA
pctFGAvg,NORMAL_FG_PCT,NA
pctFGContested,CFG_PCT,NA
pctFGDefending,D_FG_PCT,NA
pctFGMasAssisted,PCT_AST_FGM,NA
pctFGMasAssistedRank,PCT_AST_FGM_RANK,NA
pctFGMasUnassisted,PCT_UAST_FGM,NA
pctFGMasUnassistedRank,PCT_UAST_FGM_RANK,NA
pctFGMOfTeam,PCT_FGM,NA
pctFGMOfTeam,PCT_FGM,NA
pctFGMOfTeamRank,PCT_FGM_RANK,NA
pctFGOpponent,OPP_FG_PCT,NA
pctFGOpponentRank,OPP_FG_PCT_RANK,NA
pctFGPerGame,FGP,NA
pctFGRank,RANK_FG_PCT,NA
pctFGRank,FG_PCT_RANK,NA
pctFGRankF,F_RANK_FG_PCT,NA
pctFGRimDefended,DFG_PCT,NA
pctFGUncontested,UFG_PCT,NA
pctFrequency,Time,NA
pctFrequency,FREQUENCY,NA
pctFrequency,FREQ,NA
pctFT,FT_PCT,FT%
pctFT,FT_PCT,FT.
pctFTAOfTeam,PCT_FTA,NA
pctFTAOfTeam,PCT_FTA,NA
pctFTAOfTeamRank,PCT_FTA_RANK,NA
pctFTDrawn,FT,NA
pctFTMOfTeam,PCT_FTM,NA
pctFTMOfTeam,PCT_FTM,NA
pctFTMOfTeamRank,PCT_FTM_RANK,NA
pctFTOpponent,OPP_FT_PCT,NA
pctFTOpponentRank,OPP_FT_PCT_RANK,NA
pctFTPerGame,FTP,NA
pctFTRank,RANK_FT_PCT,NA
pctFTRank,FT_PCT_RANK,NA
pctFTRankF,F_RANK_FT_PCT,NA
pctFTRate,NA,FTr
pctLosses,lossPctV2,NA
pctLossRemove,lossPct,NA
pctOffenseMatchup,OFF_MATCHUP_PCT,NA
pctORB,NA,ORB.
pctOREB,OREB_PCT,NA
pctOREBOfTeam,PCT_OREB,NA
pctOREBOfTeam,PCT_OREB,NA
pctOREBOfTeamRank,PCT_OREB_RANK,NA
pctOREBOpponent,OPP_OREB_PCT,NA
pctOREBOpponentRank,OPP_OREB_PCT_RANK,NA
pctOREBRank,OREB_PCT_RANK,NA
pctPFDOfTeam,PCT_PFD,NA
pctPFDOfTeam,PCT_PFD,NA
pctPFDOfTeamRank,PCT_PFD_RANK,NA
pctPFOfTeam,PCT_PF,NA
pctPFOfTeam,PCT_PF,NA
pctPFOfTeamRank,PCT_PF_RANK,NA
pctPTSasFB,PCT_PTS_FB,NA
pctPTSasFBRank,PCT_PTS_FB_RANK,NA
pctPTSasFG2,PCT_PTS_2PT,NA
pctPTSasFG2asMR,PCT_PTS_2PT_MR,NA
pctPTSasFG2asMRRank,PCT_PTS_2PT_MR_RANK,NA
pctPTSasFG2Rank,PCT_PTS_2PT_RANK,NA
pctPTSasFT,PCT_PTS_FT,NA
pctPTSasFTRank,PCT_PTS_FT_RANK,NA
pctPTSasOffTOV,PCT_PTS_OFF_TOV,NA
pctPTSasOffTOVRank,PCT_PTS_OFF_TOV_RANK,NA
pctPTSasPaint,PCT_PTS_PAINT,NA
pctPTSasPaintRank,PCT_PTS_PAINT_RANK,NA
pctPTSOfTeam,PCT_PTS,NA
pctPTSOfTeam,PCT_PTS,NA
pctPTSOfTeamRank,PCT_PTS_RANK,NA
pctREBOfTeam,PCT_REB,NA
pctScore,Score,NA
pctShootingFoulDrawn,SF,NA
pctsPTSasFG3,PCT_PTS_3PT,NA
pctsPTSasFG3Rank,PCT_PTS_3PT_RANK,NA
pctSTL,NA,STL.
pctSTLOfTeam,PCT_STL,NA
pctSTLOfTeam,PCT_STL,NA
pctSTLOfTeamRank,PCT_STL_RANK,NA
pctTOV,TO_RATIO,TOV.
pctTOVE,E_TM_TOV_PCT,NA
pctTOVOfTeam,PCT_TOV,NA
pctTOVOfTeam,PCT_TOV,NA
pctTOVOfTeamRank,PCT_TOV_RANK,NA
pctTOVOpponent,OPP_TOV_PCT,NA
pctTOVOpponentRank,OPP_TOV_PCT_RANK,NA
pctTOVTeam,TM_TOV_PCT,NA
pctTOVTeam,TOV_PCT,NA
pctTOVTmRank,TM_TOV_PCT_RANK,NA
pctTRB,NA,TRB.
pctTREB,REB_PCT,NA
pctTREBContested,C_REB_PCT,NA
pctTREBOfTeam,PCT_REB,NA
pctTREBOfTeamRank,PCT_REB_RANK,NA
pctTREBRank,REB_PCT_RANK,NA
pctTREBUncontested,UC_REB_PCT,NA
pctTripleDouble,TPL_DBL,NA
pctTrueShooting,NA,TS.
pctTS,TS_PCT,NA
pctTSRank,TS_PCT_RANK,NA
pctUSG,USG_PCT,USG.
pctUSG,USG_PCT,USG.
pctUSG,USAGE_PCT,USG.
pctUSGE,E_USG_PCT,NA
pctUSGRank,USG_PCT_RANK,NA
pctWinProbAway,VISITOR_PCT,NA
pctWinProbHome,HOME_PCT,NA
pctWinRemove,winPct,NA
pctWins,W_PCT,NA
pctWins,WIN_PCT,NA
pctWins,winPctV2,NA
pctWinsRank,W_PCT_RANK,NA
pctWinTeam,WinPCT,NA
pctWinTeam,PCT,NA
pf,PF,PF
pf,pf,PF
pfd,PFD,NA
pfDefensiveDrawn,DEF_FOULS,NA
pfdOpponent,OPP_PFD,NA
pfdOpponentRank,OPP_PFD_RANK,NA
pfdRank,PFD_RANK,NA
pfNonShootingComitted,DEF_FLS,NA
pfOffensiveCommitted,OFF_FOULS,NA
pfOpponent,OPP_PF,NA
pfOpponentRank,OPP_PF_RANK,NA
pfPerGame,PFPG,NA
pfRank,PF_RANK,NA
pfRankF,F_RANK_PF,NA
pfShootingCommitted,SFL,NA
pieRank,PIE_RANK,NA
pip,pip,NA
pipa,pipa,NA
pipm,pipm,NA
plusminus,PLUS_MINUS,NA
plusminus,PLUSMINUS,NA
plusminus,pm,NA
plusminusRank,PLUS_MINUS_RANK,NA
poss,Poss,NA
possessions,POSS,NA
possPerGame,PossG,NA
potsOffTOVOpponentRank,OPP_PTS_OFF_TOV_RANK,NA
ppp,PPP,NA
pppBetterTeams,BetterPPP,NA
pppWorseTeams,WorsePPP,NA
pts,PTS,PS/G
pts,Points,PS/G
pts,pts,PS/G
pts,PTS,PTS
pts,Points,PTS
pts,pts,PTS
pts,PTS,PS.G
pts,Points,PS.G
pts,pts,PS.G
ptsDifference,PointDiff,NA
ptsFastBreak,PTS_FB,NA
ptsFastBreakOpponent,OPP_PTS_FB,NA
ptsFastBreakOpponentRank,OPP_PTS_FB_RANK,NA
ptsFastBreakRank,PTS_FB_RANK,NA
ptsMarginHome,HOME_SCORE_MARGIN,NA
ptsOffTOV,PTS_OFF_TO,NA
ptsOffTOV,PTS_OFF_TOV,NA
ptsOffTOVOpponent,OPP_PTS_OFF_TOV,NA
ptsOffTOVRank,PTS_OFF_TOV_RANK,NA
ptsOpponent,OPP_PTS,NA
ptsOpponent,OPPPTS,NA
ptsOpponentPerGame,OPPG,NA
ptsOpponentRank,OPP_PTS_RANK,NA
ptsOT1,PTS_OT1,NA
ptsOT10,PTS_OT10,NA
ptsOT2,PTS_OT2,NA
ptsOT3,PTS_OT3,NA
ptsOT4,PTS_OT4,NA
ptsOT5,PTS_OT5,NA
ptsOT6,PTS_OT6,NA
ptsOT7,PTS_OT7,NA
ptsOT8,PTS_OT8,NA
ptsOT9,PTS_OT9,NA
ptsPaint,PTS_PAINT,NA
ptsPaintOpponent,OPP_PTS_PAINT,NA
ptsPaintOpponentRank,OPP_PTS_PAINT_RANK,NA
ptsPaintRank,PTS_PAINT_RANK,NA
ptsPerGame,PPG,NA
ptsPerGameDiff,DiffPointsPG,NA
ptsPerGameOpponent,OppPointsPG,NA
ptsPerGameOpponent,OPP_PTS_PG,NA
ptsPerGameTeam,PointsPG,NA
ptsPerGameTeam,PTS_PG,NA
ptsPlayerAllowed,PLAYER_PTS,NA
ptsQ1,PTS_QTR1,NA
ptsQ2,PTS_QTR2,NA
ptsQ3,PTS_QTR3,NA
ptsQ4,PTS_QTR4,NA
ptsRank,RANK_PTS,NA
ptsRank,PTS_RANK,NA
ptsRankPer36,RANK_PMIN_PTS,NA
ptsRankPerGame,RANK_PG_PTS,NA
ptsScreenAssist,SCREEN_AST_PTS,NA
ptsSecondChance,PTS_2ND_CHANCE,NA
ptsSecondChanceOpponent,OPP_PTS_2ND_CHANCE,NA
ptsSecondChanceOpponentRank,OPP_PTS_2ND_CHANCE_RANK,NA
ptsSecondChanceRank,PTS_2ND_CHANCE_RANK,NA
ptsTeam,TMPTS,NA
ptsTeamAllowed,TEAM_PTS,NA
ptsTeamAwayLast,LAST_GAME_VISITOR_TEAM_POINTS,NA
ptsTeamHomeLast,LAST_GAME_HOME_TEAM_POINTS,NA
ptsTieBreaker,tieBreakerPts,NA
ptsTotalHome,HOME_PTS,NA
ptsTotalTeamAway,VISITOR_TEAM_PTS,NA
ptsTotalTeamHome,HOME_TEAM_PTS,NA
ptsTotalVisitor,VISITOR_PTS,NA
rangeDateFrom,DateFrom,NA
rangeDateTo,DateTo,NA
rangeDaysRest,TEAM_DAYS_REST_RANGE,NA
rangeDribble,DribbleRange,NA
rangeGeneral,GeneralRange,NA
rangeShotClock,ShotClockRange,NA
rangeShotDistance,DistanceRange,NA
rankConference,CONF_RANK,NA
rankConference,confRank,NA
rankCriteria,RANKING_CRITERIA,NA
rankDivision,DIV_RANK,NA
rankDivision,DivisionRank,NA
rankDivision,divRank,NA
rankFTA,FTA_RANK,NA
rankFTM,FTM_RANK,NA
rankPlayoffs,PlayoffRank,NA
rankSeedHigh,HIGH_SEED_RANK,NA
rankSeedLow,LOW_SEED_RANK,NA
rankTeam,LeagueRank,NA
rateFTA,FTA_RATE,NA
rateFTAOpponent,OPP_FTA_RATE,NA
rateFTAOpponentRank,OPP_FTA_RATE_RANK,NA
rateFTARank,FTA_RATE_RANK,NA
ratioAST,AST_RATIO,NA
ratioASTRank,AST_RATIO_RANK,NA
ratioASTtoTO,AST_TO,NA
ratioASTtoTORank,AST_TO_RANK,NA
ratioASTtoTOV,AST_TOV,NA
ratioBPM,NA,BPM
ratioDBPM,NA,DBPM
ratioDWS,NA,DWS
ratioOBPM,NA,OBPM
ratioOWS,NA,OWS
ratioPER,NA,PER
ratioPIE,PIE,NA
ratioSTLtoTOV,STL_TOV,NA
ratioVORP,NA,VORP
ratioWS,NA,WS
ratioWSPer48,NA,WS.48
reachStandingInches,STANDING_REACH,NA
reachStandingO,STANDING_REACH_FT_IN,NA
recordAheadAtHalf,AheadAtHalf,NA
recordAheadAtThird,AheadAtThird,NA
recordApr,Apr,NA
recordAug,Aug,NA
recordAway,ROAD,NA
recordAway,AWAY,NA
recordAway,ROAD_RECORD,NA
recordAway,VISITOR_WL,NA
recordBehindAtHalf,BehindAtHalf,NA
recordBehindAtThird,BehindAtThird,NA
recordConference,ConferenceRecord,NA
recordConference,CONF,NA
recordDec,Dec,NA
recordDivision,DIV,NA
RecordDivision,DivisionRecord,NA
recordFeb,Feb,NA
recordFewerTurnovers,FewerTurnovers,NA
recordHome,HOME,NA
recordHome,HOME_RECORD,NA
recordHome,HOME_WL,NA
recordJan,Jan,NA
recordJul,Jul,NA
recordJun,Jun,NA
recordLast10,L10,NA
recordLast10Away,Last10Road,NA
recordLast10Home,Last10Home,NA
recordLeadInFGPCT,LeadInFGPCT,NA
recordLeadInReb,LeadInReb,NA
recordMar,Mar,NA
recordNov,Nov,NA
recordOct,Oct,NA
recordOpponentOver500,OppOver500,NA
recordOpponentScore100PTS,OppScore100PTS,NA
recordOT,OT,NA
recordOverall,TEAM_WINS_LOSSES,NA
recordOverall,Record,NA
recordScore100PTS,Score100PTS,NA
recordSep,Sep,NA
recordTenPTSOrMore,TenPTSOrMore,NA
recordThreePTSOrLess,ThreePTSOrLess,NA
recordTiedAtHalf,TiedAtHalf,NA
recordTiedAtThird,TiedAtThird,NA
recordVsAtlantic,vsAtlantic,NA
recordVsCentral,vsCentral,NA
recordVsEast,vsEast,NA
recordVsMidwest,vsMidwest,NA
recordVsNorthwest,vsNorthwest,NA
recordVsPacific,vsPacific,NA
recordVsSoutheast,vsSoutheast,NA
recordVsSouthwest,vsSouthwest,NA
recordVsWest,vsWest,NA
reocrdMay,May,NA
repsBenchPress135,BENCH_PRESS,NA
resultGame,GAME_RESULT,NA
screenAssist,SCREEN_ASSISTS,NA
seasonYear,SeasonYear,NA
seconds,SECONDS,NA
seconds,sec,NA
secondsPossesions,POSS_SECONDS,NA
secondsPossesionsAvg,AVG_POSS_SEC,NA
secondsRemaining,SECONDS_REMAINING,NA
secondsTotal,totsec,NA
segmentGame,GameSegment,NA
segmentSeason,SEASON_SEGMENT,NA
segmentSeason,SeasonSegment,NA
setOffDrib15BreakLeft,OFF_DRIB_FIFTEEN_BREAK_LEFT,NA
setOffDrib15BreakRight,OFF_DRIB_FIFTEEN_BREAK_RIGHT,NA
setOffDribBreakLeftCollege,OFF_DRIB_COLLEGE_BREAK_LEFT,NA
setOffDribBreakRightCollege,OFF_DRIB_COLLEGE_BREAK_RIGHT,NA
setOffDribTopKeyCollege,OFF_DRIB_COLLEGE_TOP_KEY,NA
setOnMove15,ON_MOVE_FIFTEEN,NA
setOnMoveCollege,ON_MOVE_COLLEGE,NA
setSpot15BreakLeft,SPOT_FIFTEEN_BREAK_LEFT,NA
setSpot15BreakLeftCollege,SPOT_COLLEGE_BREAK_LEFT,NA
setSpot15BreakLeftNBA,SPOT_NBA_BREAK_LEFT,NA
setSpot15BreakRight,SPOT_FIFTEEN_BREAK_RIGHT,NA
setSpot15BreakRightCollege,SPOT_COLLEGE_BREAK_RIGHT,NA
setSpot15CornerLeft,SPOT_FIFTEEN_CORNER_LEFT,NA
setSpot15CornerLeftCollege,SPOT_COLLEGE_CORNER_LEFT,NA
setSpot15CornerLeftNBA,SPOT_NBA_CORNER_LEFT,NA
setSpot15CornerRight,SPOT_FIFTEEN_CORNER_RIGHT,NA
setSpot15CornerRightCollege,SPOT_COLLEGE_CORNER_RIGHT,NA
setSpot15TopKey,SPOT_FIFTEEN_TOP_KEY,NA
setSpot15TopKeyCollege,SPOT_COLLEGE_TOP_KEY,NA
setSpot15TopKeyNBA,SPOT_NBA_TOP_KEY,NA
setSpotBreakRightNBA,SPOT_NBA_BREAK_RIGHT,NA
setSpotCornerRightNBA,SPOT_NBA_CORNER_RIGHT,NA
setSpotOffDrib15TopKey,OFF_DRIB_FIFTEEN_TOP_KEY,NA
sideInjury,Injury_Side,NA
slugCIF,CFPARAMS,NA
slugGame,GAMECODE,NA
slugGame,gcode,NA
slugInjured,Injured,NA
slugMatchup,MATCHUP,NA
slugNetworkTVHome,HOME_TV_BROADCASTER_ABBREVIATION,NA
slugPlayer,PLAYERCODE,NA
slugPlayerBREF,NA,idPlayer
slugPlayoffClinch,ClinchIndicator,NA
slugPosition,pos,Pos
slugQuarterLive,LIVE_PERIOD_TIME_BCAST,NA
slugScope,Scope,NA
slugScore,SCORE,NA
slugSeason,SEASON_ID,slugSeason
slugSeason,SEASON_YEAR,slugSeason
slugSeason,Season,slugSeason
slugSeason,TimeFrame,slugSeason
slugSeason,YEAR,slugSeason
slugSeasonsWithTeam,SEASONSWITHTEAM,NA
slugStreakAwayCurrent,strCurrentRoadStreak,NA
slugStreakCurrent,strCurrentStreak,NA
slugStreakHomeCurrent,strCurrentHomeStreak,NA
slugStreakLongAway,strLongRoadStreak,NA
slugStreakLongHomeStreak,strLongHomeStreak,NA
slugTeam,TEAM_ABBREVIATION,NA
slugTeam,ABBREVIATION,NA
slugTeam,TEAM,NA
slugTeam,Team,NA
slugTeam,TeamNameAbbreviation,NA
slugTeam,PLAYER_LAST_TEAM_ABBREVIATION,NA
slugTeam,tricode,NA
slugTeam,ta,NA
slugTeamAway,VISITOR_TEAM_ABR,NA
slugTeamAway,VTM,NA
slugTeamAway,VISITOR_TEAM_ABBREVIATION,NA
slugTeamAwayLast,LAST_GAME_VISITOR_TEAM_CITY1,NA
slugTeamBREF,NA,Tm
slugTeamDefense,DEF_TEAM_ABBREVIATION,NA
slugTeamHome,HOME_TEAM_ABR,NA
slugTeamHome,HTM,NA
slugTeamHome,HOME_TEAM_ABBREVIATION,NA
slugTeamHomeLast,LAST_GAME_HOME_TEAM_ABBREVIATION,NA
slugTeamOffense,OFF_TEAM_ABBREVIATION,NA
slugTeamPlayer1,PLAYER1_TEAM_ABBREVIATION,NA
slugTeamPlayer2,PLAYER2_TEAM_ABBREVIATION,NA
slugTeamPlayer3,PLAYER3_TEAM_ABBREVIATION,NA
slugTeamURL,urlName,NA
slugTVBroadcaster,NATL_TV_BROADCASTER_ABBREVIATION,NA
slugTVNetworkAway,AWAY_TV_BROADCASTER_ABBREVIATION,NA
sortGroup,GroupSort,NA
st,st,NA
stateArena,as,NA
statusGame,stt,NA
statusInjury,Injured_Status,NA
statusPlayerGame,PLAYERGAMESTATUS,NA
stl,STL,STL
stl,stl,STL
stlOpponent,OPP_STL,NA
stlOpponentRank,OPP_STL_RANK,NA
stlPerGame,SPG,NA
stlRank,RANK_STL,NA
stlRank,STL_RANK,NA
stlRankF,F_RANK_STL,NA
stlRankPer36,RANK_PMIN_STL,NA
stlRankPerGame,RANK_PG_STL,NA
streakAwayCurrent,CurrentRoadStreak,NA
streakCurrent,CurrentStreak,NA
streakCurrent,streak,NA
streakHomeCurrent,CurrentHomeStreak,NA
streakLongAway,LongRoadStreak,NA
streakLongHome,LongHomeStreak,NA
streakLossLong,LongLossStreak,NA
streakWinLong,LongWinStreak,NA
strengthScheduleRemaining,SOSA_REMAINING,NA
td3,TD3,NA
td3Rank,TD3_RANK,NA
teamName,TEAM_NAME,NA
teamName,TEAM_NICKNAME,NA
teamName,NICKNAME,NA
teamName,nickname,NA
teamName,tn,NA
teamNameAway,VISITOR_TEAM_NICKNAME,NA
teamNameHome,HOME_TEAM_NICKNAME,NA
teamNamePlayer1,PLAYER1_TEAM_NICKNAME,NA
teamNamePlayer2,PLAYER2_TEAM_NICKNAME,NA
teamNamePlayer3,PLAYER3_TEAM_NICKNAME,NA
teamNameShortHigh,HIGH_SEED_TEAM,NA
teamNameShortLow,LOW_SEED_TEAM,NA
technicalfouls,tf,NA
timeGame,GAME_TIME,NA
timeGameLive,LIVE_PC_TIME,NA
timeLaneAgility,LANE_AGILITY_TIME,NA
timeModifiedLaneAgility,MODIFIED_LANE_AGILITY_TIME,NA
timeQuarter,PCTIMESTRING,NA
timeRemaining,cl,NA
timeStringWC,WCTIMESTRING,NA
timeThreeQuarterCourtSprint,THREE_QUARTER_SPRINT,NA
timeUTC,utctm,NA
tobTotal,TOTAL_TURNOVERS,NA
touches,TCHS,NA
tov,TOV,TOV
tov,TO,TOV
tov,tov,TOV
tovOpponent,OPP_TOV,NA
tovOpponentRank,OPP_TOV_RANK,NA
tovPerGame,TPG,NA
tovRank,RANK_TOV,NA
tovRank,TOV_RANK,NA
tovRankF,F_RANK_TOV,NA
tovRankPer36,RANK_PMIN_TOV,NA
tovRankPerGame,RANK_PG_TOV,NA
tovTeam,TEAM_TURNOVERS,NA
trb,NA,TRB
trbTeam,TEAM_REBOUNDS,NA
treb,REB,NA
treb,reb,NA
trebChances,RBC,NA
trebContested,C_REB,NA
trebFrequency,REB_FREQUENCY,NA
trebOpponent,OPP_REB,NA
trebOpponentRank,OPP_REB_RANK,NA
trebPerGame,TRPG,NA
trebPerGameTeam,REB_PG,NA
trebRank,RANK_REB,NA
trebRank,REB_RANK,NA
trebRankF,F_RANK_REB,NA
trebRankPer36,RANK_PMIN_REB,NA
trebRankPerGame,RANK_PG_REB,NA
trebUncontested,UC_REB,NA
typeAction,ACTION_TYPE,NA
typeBoxScore,BOX_TYPE,NA
typeDataSet,DATASET_TYPE,NA
typeDraftPick,DraftPick,NA
typeEvent,EVENT_TYPE,NA
typeFilter,OVERALL,NA
typeFilter,SHOT_TYPE_RANGE,NA
typeFilter,REB_NUM_CONTESTING_RANGE,NA
typeFilter,SHOT_CLOCK_RANGE,NA
typeFilter,DRIBBLE_RANGE,NA
typeFilter,CLOSE_DEF_DIST_RANGE,NA
typeFilter,TOUCH_TIME_RANGE,NA
typeFilter,SHOT_DIST_RANGE,NA
typeFilter,REB_DIST_RANGE,NA
typeFilter,DEFENSE_CATEGORY,NA
typeFilterSecondary,GROUP_VALUE_2,NA
typeGrid,GRID_TYPE,NA
typeInjury,Injury_Type,NA
typeMeasure,MeasureType,NA
typeOrganizationFrom,ORGANIZATION_TYPE,NA
typePass,PASS_TYPE,NA
typePlayerOnOff,COURT_STATUS,NA
typeSeason,SeasonType,NA
typeSeason,SEASON_TYPE,NA
typeSeason,seasonType,NA
typeSet,name,NA
typeShot,SHOT_TYPE,NA
typeTransaction,Transaction_Type,NA
urlAccount,WEBSITE_LINK,NA
urlData,NA,urlData
urlNBAJSON,next,NA
verticalLeapMaxInches,MAX_VERTICAL_LEAP,NA
verticalLeapStandingInches,STANDING_VERTICAL_LEAP,NA
vsConference,VsConference,NA
vsDivision,VsDivision,NA
weightKG,weightKilograms,NA
weightLBS,WEIGHT,NA
weightLBS,weightPounds,NA
widthHandInches,HAND_WIDTH,NA
wingspan,WINGSPAN_FT_IN,NA
wingspanInches,WINGSPAN,NA
wins,W,NA
wins,WINS,NA
wins,win,NA
winsAway,awayWin,NA
winsConference,confWin,NA
winsDivison,divWin,NA
winsHome,homeWin,NA
winsLast10,lastTenWin,NA
winsPlayoffSeedLigh,HIGH_SEED_SERIES_W,NA
winsRank,W_RANK,NA
yearActiveUntil,YEARACTIVETILL,NA
yearDebut,nbaDebutYear,NA
yearDraft,DRAFT_YEAR,NA
yearFounded,YEARFOUNDED,NA
yearSeason,SEASON,yearSeason
yearSeason,season,yearSeason
yearSeason,YEARAWARDED,yearSeason
yearSeasonFirst,FROM_YEAR,NA
yearSeasonFirst,MIN_YEAR,NA
yearSeasonFirst,seasonStart,NA
yearSeasonLast,TO_YEAR,NA
yearSeasonLast,MAX_YEAR,NA
yearSeasonLast,seasonEnd,NA
yearSeasonStart,SEASON,NA
zoneArea,SHOT_ZONE_AREA,NA
zoneBasic,SHOT_ZONE_BASIC,NA
zoneRange,SHOT_ZONE_RANGE,NA
